Classificador,accuracy,precision,recall,f1,auc
Comite,0.6242283950617284,0.6363482173084267,0.6242283950617284,0.6113333353644658,0.6606411822702332
LinearDiscriminantAnalysis,0.6782407407407408,0.6792993895588616,0.6782407407407408,0.6780672776732471,0.7246897505144033
nbpw,0.5158179012345679,0.5109269886001399,0.5158179012345679,0.46574678726636815,0.5198661479766804
XGBClassifier,0.587962962962963,0.5881148829354962,0.587962962962963,0.5876749527689997,0.6178385416666667
