subject,CSP_LinearDiscriminantAnalysis,CSP_nbpw,CSP_XGBClassifier,FBCSP_LinearDiscriminantAnalysis,FBCSP_nbpw,FBCSP_XGBClassifier
0,0.6159693532885573,0.522975583917283,0.5475388978347955,0.7340014064697609,0.7252287352857503,0.7325911485014305
1,0.5196423564765651,0.3753769517640177,0.480501650534078,0.497216889281966,0.5161269197011815,0.5050984866648054
2,0.6540012001972533,0.4872361388990433,0.5961787345258525,0.6784005339549593,0.6984896061861886,0.7047294801034409
3,0.7144863780281694,0.623539671182259,0.6516654679732847,0.7584740073996139,0.7240021626772628,0.7566272060367173
4,0.606210435998234,0.5301276166781057,0.5547589549100173,0.8153228969777456,0.7961139332048257,0.8175282623700519
5,0.5437491727221472,0.4748082653471061,0.489178041699249,0.6471178324836862,0.6243559554408187,0.6237099404227333
6,0.5579710876761147,0.4832188717137293,0.5190598986957997,0.7985875175910258,0.7797486168970612,0.7909478101016649
7,0.8107481612088624,0.616222685032167,0.7137552125552444,0.8090664844944927,0.811330429795466,0.8118816744384949
8,0.7707786392637472,0.6302828153041656,0.7145320608938238,0.8409682783419241,0.8076172430166075,0.83853189114476
