subject,CSP_LinearDiscriminantAnalysis,CSP_nbpw,CSP_XGBClassifier,FBCSP_LinearDiscriminantAnalysis,FBCSP_nbpw,FBCSP_XGBClassifier,GPT5_few,GPT5_zero
0,0.7598566308243728,0.8198529411764706,0.6551724137931034,0.7598566308243728,0.8198529411764706,0.6551724137931034,0.48267622461170845,0.5
