subject,CSP_LinearDiscriminantAnalysis,CSP_nbpw,CSP_XGBClassifier,FBCSP_LinearDiscriminantAnalysis,FBCSP_nbpw,FBCSP_XGBClassifier,GPT5_few,GPT5_zero
0,0.7583333333333333,0.8089248277927523,0.6551724137931034,0.7583333333333333,0.8089248277927523,0.6551724137931034,0.48214285714285715,0.4876637222053
