subject,CSP_LinearDiscriminantAnalysis,CSP_nbpw,CSP_XGBClassifier,FBCSP_LinearDiscriminantAnalysis,FBCSP_nbpw,FBCSP_XGBClassifier,GPT5_few,GPT5_zero
0,0.5408695652173914,0.6243478260869566,0.5833333333333334,0.5408695652173914,0.6243478260869566,0.5833333333333334,0.5804195804195804,0.3333333333333333
