,accuracy,precision,recall,f1,auc
0,0.625,0.6258741258741258,0.625,0.6243478260869566,0.7083333333333334
