subject,CSP_LinearDiscriminantAnalysis,CSP_nbpw,CSP_XGBClassifier,FBCSP_LinearDiscriminantAnalysis,FBCSP_nbpw,FBCSP_XGBClassifier,GPT5_few,GPT5_zero
0,0.7586206896551724,0.8103448275862069,0.6551724137931034,0.7586206896551724,0.8103448275862069,0.6551724137931034,0.4827586206896552,0.5
