subject,CSP_LinearDiscriminantAnalysis,CSP_nbpw,CSP_XGBClassifier,FBCSP_LinearDiscriminantAnalysis,FBCSP_nbpw,FBCSP_XGBClassifier,GPT5_few,GPT5_zero
0,0.5419580419580419,0.6258741258741258,0.5833333333333334,0.5419580419580419,0.6258741258741258,0.5833333333333334,0.5857142857142856,0.25
