subject,CSP_LinearDiscriminantAnalysis,CSP_nbpw,CSP_XGBClassifier,FBCSP_LinearDiscriminantAnalysis,FBCSP_nbpw,FBCSP_XGBClassifier,GPT5_few,GPT5_zero
0,0.8240190249702735,0.8418549346016647,0.7681331747919143,0.8240190249702735,0.8418549346016647,0.7681331747919143,0.5047562425683709,0.5434007134363852
