subject,CSP_LinearDiscriminantAnalysis,CSP_nbpw,CSP_XGBClassifier,FBCSP_LinearDiscriminantAnalysis,FBCSP_nbpw,FBCSP_XGBClassifier,GPT5_few,GPT5_zero
0,0.6597222222222222,0.6944444444444444,0.7291666666666667,0.6597222222222222,0.6944444444444444,0.7291666666666667,0.625,0.2777777777777778
