,accuracy,precision,recall,f1,auc
0,0.7068965517241379,0.7071428571428571,0.7068965517241379,0.7068093963722866,0.8156956004756242
